
{
	"body" : 
	[
		
		{
			"allowSleep" : false,
			"angle" : 0,
			"customProperties" : 
			[
				
				{
					"name" : "script",
					"string" : "Planet"
				}
			],
			"fixture" : 
			[
				
				{
					"circle" : 
					{
						"center" : 
						{
							"x" : -2.503395080566406e-006,
							"y" : -9.313225746154785e-009
						},
						"radius" : 1
					},
					"density" : 7.339913845062256,
					"friction" : 0.2,
					"name" : "fixture1"
				}
			],
			"gravityScale" : 0,
			"name" : "o_planet",
			"position" : 
			{
				"x" : -1.325440049171448,
				"y" : 0.1896570026874542
			},
			"type" : 2
		},
		
		{
			"allowSleep" : false,
			"angle" : 0,
			"customProperties" : 
			[
				
				{
					"name" : "script",
					"string" : "Ufo"
				}
			],
			"fixture" : 
			[
				
				{
					"density" : 0.9400728344917297,
					"friction" : 0.2,
					"name" : "fixture5",
					"polygon" : 
					{
						"vertices" : 
						{
							"x" : 
							[
								0.4592652320861816,
								0.1416257619857788,
								-0.01365549862384796,
								-0.1714962273836136,
								-0.4476966857910156
							],
							"y" : 
							[
								-0.1611028313636780,
								0.1892709881067276,
								0.2347333133220673,
								0.1685182601213455,
								-0.1640844941139221
							]
						}
					}
				}
			],
			"gravityScale" : 0,
			"name" : "o_ufo",
			"position" : 
			{
				"x" : 1.746970176696777,
				"y" : -0.7633681297302246
			},
			"type" : 2
		},
		
		{
			"allowSleep" : false,
			"angle" : 0,
			"fixture" : 
			[
				
				{
					"density" : 1,
					"friction" : 1,
					"name" : "fixture9",
					"polygon" : 
					{
						"vertices" : 
						{
							"x" : 
							[
								0.6491260528564453,
								0.6018314361572266,
								-0.5731639862060547,
								0.2960700988769531,
								0.4696445465087891,
								0.5302963256835938,
								0.6434345245361328
							],
							"y" : 
							[
								0.02871447801589966,
								0.2426577657461166,
								-0.2950873076915741,
								-0.6121104955673218,
								-0.4952980577945709,
								-0.3762637674808502,
								-0.1379662752151489
							]
						}
					}
				},
				
				{
					"density" : 1,
					"friction" : 1,
					"name" : "fixture9",
					"polygon" : 
					{
						"vertices" : 
						{
							"x" : 
							[
								0.2960700988769531,
								-0.5731639862060547,
								-0.4358596801757813,
								-0.2568321228027344,
								-0.1574001312255859,
								0.1608352661132813
							],
							"y" : 
							[
								-0.6121104955673218,
								-0.2950873076915741,
								-0.5059232711791992,
								-0.6186788082122803,
								-0.6271809339523315,
								-0.6278434991836548
							]
						}
					}
				},
				
				{
					"density" : 1,
					"friction" : 1,
					"name" : "fixture9",
					"polygon" : 
					{
						"vertices" : 
						{
							"x" : 
							[
								0.6018314361572266,
								-0.2622776031494141,
								-0.5226249694824219,
								-0.5941658020019531,
								-0.6346340179443359,
								-0.6288795471191406,
								-0.5731639862060547
							],
							"y" : 
							[
								0.2426577657461166,
								0.5880367755889893,
								0.4152814745903015,
								0.2627159357070923,
								0.04767972230911255,
								-0.09365704655647278,
								-0.2950873076915741
							]
						}
					}
				},
				
				{
					"density" : 1,
					"friction" : 1,
					"name" : "fixture9",
					"polygon" : 
					{
						"vertices" : 
						{
							"x" : 
							[
								0.6018314361572266,
								0.5174579620361328,
								0.3835544586181641,
								0.1029949188232422,
								-0.1218128204345703,
								-0.2622776031494141
							],
							"y" : 
							[
								0.2426577657461166,
								0.3985367417335510,
								0.5419036746025085,
								0.6660061478614807,
								0.6369262933731079,
								0.5880367755889893
							]
						}
					}
				},
				
				{
					"density" : 1,
					"friction" : 1,
					"name" : "fixture9",
					"polygon" : 
					{
						"vertices" : 
						{
							"x" : [ 0.6669063568115234, 0.6018314361572266, 0.6491260528564453 ],
							"y" : [ 0.04647526144981384, 0.2426577657461166, 0.02871447801589966 ]
						}
					}
				},
				
				{
					"density" : 1,
					"friction" : 1,
					"name" : "fixture9",
					"polygon" : 
					{
						"vertices" : 
						{
							"x" : 
							[
								0.6598281860351563,
								0.6434345245361328,
								0.5302963256835938,
								0.6085891723632813
							],
							"y" : 
							[
								-0.1465500295162201,
								-0.1379662752151489,
								-0.3762637674808502,
								-0.2865682542324066
							]
						}
					}
				},
				
				{
					"density" : 1,
					"friction" : 1,
					"name" : "fixture9",
					"polygon" : 
					{
						"vertices" : 
						{
							"x" : 
							[
								0.1608352661132813,
								-0.1574001312255859,
								-0.1202602386474609,
								0.05383110046386719
							],
							"y" : 
							[
								-0.6278434991836548,
								-0.6271809339523315,
								-0.6630305051803589,
								-0.6693058013916016
							]
						}
					}
				},
				
				{
					"density" : 1,
					"friction" : 1,
					"name" : "fixture9",
					"polygon" : 
					{
						"vertices" : 
						{
							"x" : 
							[
								-0.6288795471191406,
								-0.6346340179443359,
								-0.6643962860107422,
								-0.6437988281250
							],
							"y" : 
							[
								-0.09365704655647278,
								0.04767972230911255,
								0.03263860940933228,
								-0.09533113241195679
							]
						}
					}
				}
			],
			"gravityScale" : 0,
			"name" : "o_landpad_final",
			"position" : 
			{
				"x" : 3.773095130920410,
				"y" : -0.01690798997879028
			},
			"type" : 0
		},
		
		{
			"allowSleep" : false,
			"angle" : 0,
			"fixture" : 
			[
				
				{
					"density" : 1,
					"friction" : 0.2,
					"name" : "fixture0",
					"polygon" : 
					{
						"vertices" : 
						{
							"x" : 
							[
								1.457885146141052,
								1.457885146141052,
								-1.431676030158997,
								-1.431676030158997
							],
							"y" : 
							[
								-0.1691771149635315,
								0.1662222743034363,
								0.1662222743034363,
								-0.1691771149635315
							]
						}
					}
				}
			],
			"gravityScale" : 0,
			"name" : "o_landpad",
			"position" : 
			{
				"x" : -0.6790671944618225,
				"y" : -1.217514872550964
			},
			"type" : 0
		},
		
		{
			"angle" : 0,
			"fixture" : 
			[
				
				{
					"circle" : 
					{
						"center" : 0,
						"radius" : 0.2198838442564011
					},
					"density" : 1,
					"friction" : 0.2,
					"name" : "fixture4"
				}
			],
			"name" : "body1",
			"position" : 
			{
				"x" : 2.139930009841919,
				"y" : 1.161253690719605
			},
			"type" : 2
		},
		
		{
			"allowSleep" : false,
			"angle" : 0,
			"fixture" : 
			[
				
				{
					"density" : 1,
					"friction" : 1,
					"name" : "fixture9",
					"polygon" : 
					{
						"vertices" : 
						{
							"x" : 
							[
								0.6491260528564453,
								0.6018314361572266,
								-0.5731639862060547,
								0.2960700988769531,
								0.4696445465087891,
								0.5302963256835938,
								0.6434335708618164
							],
							"y" : 
							[
								0.02871447801589966,
								0.2426577657461166,
								-0.2950873076915741,
								-0.6121104955673218,
								-0.4952980577945709,
								-0.3762637674808502,
								-0.1379662752151489
							]
						}
					}
				},
				
				{
					"density" : 1,
					"friction" : 1,
					"name" : "fixture9",
					"polygon" : 
					{
						"vertices" : 
						{
							"x" : 
							[
								0.2960700988769531,
								-0.5731639862060547,
								-0.4358596801757813,
								-0.2568330764770508,
								-0.1573991775512695,
								0.1608352661132813
							],
							"y" : 
							[
								-0.6121104955673218,
								-0.2950873076915741,
								-0.5059232711791992,
								-0.6186788082122803,
								-0.6271809339523315,
								-0.6278434991836548
							]
						}
					}
				},
				
				{
					"density" : 1,
					"friction" : 1,